Internal ID,mxolAccessCode,Name
1509,aamb,Academy of Automechanics
7350,vbnt,Accomack County Public Schools : TH Badger Technical Center North
3176,DCC,Advanced Technology Center - FL : Daytona Beach Community College - ATC
4100,hihs,Albuquerque Public Schools : Highland High School
1591,ahs,Aldine Independent School District : Aldine High School
7254,vtcw,Alexandria City Public Schools : T C Williams High School
1621,anat,All Night Auto
1632,alma,Alma Senior High School
28453,t011,Alvin C York Institute
1659,vach,Amherst County High School
24190,t012,Anderson County Career and Technology Center
1677,ajre,Andy's Kars Ltd
1037,aora,Aoraki Polytechnic - Timaru Campus
1700,appt,Applied Technology Center
1705,vapp,Appomattox County High School
1729,arcc,Arlington Public Schools : Arlington Career Center
7768,vwhs,Arlington Public Schools : Wakefield High School
1736,lspt,Arrowhead High School
1753,ascc,Assiniboine Community College
1759,assu,Assurant Solutions
1791,atec,ATI Career Training Center - Miami : ATI Technical Training - Arlington
1797,attc,Atlanta Technical College
1817,aspu,Austin Peay State University
1023,autt,Australia Trade Training
774,insi,Australian Industrial Systems Institute
1458,aisi,Australian Industrial Systems Institute - Sydney
683,atcm,Australian Technical College - Eastern Melbourne
725,atch,Australian Technical College - Hunter
1050,atcb,Australian Technical College - North Brisbane
693,atcn,Australian Technical College - North Queensland
836,atem,Australian Technical College - Oakleigh South
1042,atcp,Australian Technical College - Perth South
735,atc,Australian Technical College - Port Macquarie
716,sgou,Australian Technical College - Spencer Gulf and Outback
1824,auth,Automotive High School
1840,apsa,Automotive Parts & Services Association
1850,tgmp,Automotive Solutions
1859,atts,Automotive Training Schools
1861,serv,Autoserv Ltd
1870,autr,Autry Technology Center
1877,ayes,AYES Head Office
1916,baib,Baibombeh High School
1936,b001,Barnfield College
1963,bcte,Barry Career and Technical Education Center
1969,bccc,Barton County Community College
1977,vmev,Bath County Public Schools : Bath County High School
1983,bghs,Battle Ground School District : Battle Ground High School
6281,prhs,Battle Ground School District : Prairie High School - WA
2000,judy,Beaverton School District 48j : Beaverton High School
2002,bedf,Bedford College
28454,bedf,Bedford County Vocational Center
2008,vbst,Bedford Science & Technology Center
2030,bete,Bellingham Technical College
18272,t017,Ben W Hooper Vocational School
1383,bnlc,Benalla College - Faithfull Street
2036,t018,Benton County Career and Technical Center West
2043,bcvc,Bergen County Vocational Center - Paramus
2062,bscc,Bevill State Community College
2073,bbcc,Big Bend Community College
2085,bisu,Bishop Union High School
2114,bvrv,Blackstone Valley Regional VTHS
2118,bhcd,Blackwater House Centre For Career Development
24196,heri,Blount County School District : Heritage High School
22714,t133,Blount County School District : William Blount Vocational High School
2134,vbrt,Blue Ridge Technical Center
2146,bhsa,Boerne Independent School District : Boerne High School
19976,t020,Bolivar Central High School
2172,btec,Boonslick Technical Education Center
6529,rosv,Border Land School District : Roseau Valley School
2179,vbot,Botetourt Technical Education Center
2188,bpcf,Bournemouth and Poole College of Further Education
671,boxh,Box Hill Institute of TAFE
2208,brad,Bradford College
2213,buav,Bradford Union Area Career Technical Center
12868,brad,Bradley Central High School
2219,bacc,Branch Area Careers Center
3094,crpr,Brandon School Division : Crocus Plains Regional Secondary School
2222,bshs,Brattleboro Senior High School
1315,brem,Bremer Institute of TAFE
2234,bcit,British Columbia Institute of Technology
2253,brom,Bromley College of Further & Higher Education
2267,bwcc,Broward College
2200,boyd,Broward County Board of Education : Boyd Anderson High School
3022,cchs,Broward County Board of Education : Cooper City High School
3990,hall,Broward County Board of Education : Hallandale High School
5395,mira,Broward County Board of Education : Miramar High School
6199,pipe,Broward County Board of Education : Piper Community School
6219,plan,Broward County Board of Education : Plantation High School
6769,sher,Broward County Board of Education : Sheridan Technical Center
7188,stra,Broward County Board of Education : Stranahan High School
8036,wtmt,Broward County Board of Education : William T McFatter Technical Center
2287,vbru,Brunswick Senior High School
2292,byhs,Bryan ISD : Bryan High School
2301,vbcv,Buchanan County Technology & Career Center
2306,buhs,Buckeye Union High School
2310,vbvc,Buckingham County Public Schools : Buckingham Vocational Center
4175,hoss,Bulkley Valley School District #54 : Houston Secondary School
2320,bcim,Burlington County Institute of Technology - Medford
2322,cars,Burlington Edison High School
2328,btrc,Burton College
2342,buco,Butte College
3275,scar,Calgary School District No. 19 : Dr EP Scarlett
4953,lbhs,Calgary School District No. 19 : Lord Beaverbrook High School
2371,calh,Calhoun Area Technology Center
2383,calv,Calvert Career Center
917,caic,Cambridge International College
2413,aims,Camosun College
2418,t025,Campbell County Public Schools : Campbell County Comprehensive High School
2421,vcct,Campbell County Public Schools : Campbell County Vocational Technical Center
8315,capi,Capistrano-Laguna Beach ROP
2446,cacc,Capital Area Career Center
2457,ccti,Carbon Career and Technical Institute
2478,cit,Career Institute of Technology - Easton
9078,obio,Career Technology Center
2487,csle,Carlisle Area High School
2490,caco,Carlisle College
429,caf,Carmichael Ford
2498,vchs,Caroline High School
2505,vcch,Carroll County High School
2509,cshc,Carshalton College
18274,t062,Carter County School District : Hampton High School
2526,cart,Cartersville High School
2535,crt,Cassia Regional Technical Center
914,csc,Castlemaine Secondary College
2538,cas,Castrol International
2541,vpwi,CD Hylton Senior High School
2551,cent,Centennial College
2594,arte,Center for Arts and Technology
2615,hast,Central Community College - Hastings
8354,cco,Central County Occupational Center
2622,cfcc,Central Florida Community College
2629,cgtm,Central Georgia Technical College - Macon
2632,cgtc,Central Georgia Technical College - Macon : Central Georgia Technical College - Milledgeville
28455,t027,Central High School
2641,clcb,Central Lakes College - Brainerd
2645,cnmc,Central New Mexico Community College
3775,gess,Central Okanagan School District #23 : George Elliot Secondary School
4542,kelo,Central Okanagan School District #23 : Kelowna Secondary School
5525,mtbo,Central Okanagan School District #23 : Mt Boucherie Secondary High School
6005,omss,Central Okanagan School District #23 : Okanagan Mission Secondary School
6008,okan,Central Okanagan School District #23 : Okanagan University College
812,cqit,Central Queensland Institute of TAFE
2673,cdec,Centre de formation Compétences Rive-Sud
1447,chal,Challenger TAFE - Beaconsfield
6362,vrhh,Charlotte County Public Schools : Randolph Henry High School
2712,vcat,Charlottesville Albemarle Tech Education Centre
19288,t029,Cheatham County School District : Cheatham County Central High School
2730,cher,Cherokee County School District : Cherokee High School - GA
2731,vccs,Chesapeake Center for Science & Technology
22602,t031,Chester County High School
2738,vctc,Chesterfield Technical Center
4935,vlcb,Chesterfield Technical Center : Lloyd C Bird High School
2485,cshs,Chicago School District 299 : Carl Schurz High School
2743,chvo,Chicago School District 299 : Chicago Vocational High School
4775,lths,Chicago School District 299 : Lane Technical High School
5641,nise,Chicago School District 299 : Nicholas Senn High School
454,cite,Chisholm Institute of TAFE
2760,crcs,Christ the Redeemer Catholic School
1388,cpit,Christchurch Polytechnic Institute of Technology
2786,crhs,Circle High School
2787,ctcb,City and County of Broomfield
2791,ccb,City College Birmingham
2801,ccco,City College Coventry
2817,sund,City of Sunderland College
2442,ccan,Clark County School District : Canyon Springs High School
5918,nwcc,Clark County School District : Northwest Career Center
2842,ccsc,Clark County Skills Center
15642,t095,Clarksville Montgomery County School System : Northwest Hgh School
2855,t032,Cleveland High School - TN
8373,crop,Coastline Regional Occupation Program
21421,coff,Coffee County School District : Coffee County Central High School
2878,coff,Coffeyville Community College & Area Tech School
2879,cchi,Colchester Institute
2905,powy,Coleg Powys
993,auhg,College of Automotive Learning
2916,cglc,College of Lake County
2930,cnc,College of New Caledonia
8202,cnwl,College of North West London
2937,apex,College of the North Atlantic - Bay St George Campus
2939,cnag,College of the North Atlantic - Bay St George Campus : College of the North Atlantic - Gander Campus
2942,cnaq,College of the North Atlantic-Qatar
2948,cwan,College of West Anglia
2967,vcol,Colonial Heights High School Tech Center
2992,cnhs,Columbus North High School
4875,lhs5,Community High School District 128 : Libertyville High School
3009,conf,Confederation College
1661,aash,Consolidated High School District 230 : Amos Alonzo Stagg High School
2482,carl,Consolidated High School District 230 : Carl Sandburg High School
7705,vahs,Consolidated High School District 230 : Victor J Andrew High School
3014,cccg,Contra Costa College
3020,t035,Cookeville High School
3031,cork,Cork Institute of Technology
3064,crch,Cosumnes River College
3073,twmm,Coulkenny Limited
3076,cvhc,Covington High School
3084,cowa,Cowley County Community College - Arkansas City
19983,t039,Crockett County Schools : Crockett County High School
25027,t040,Cumberland County : Cumberland County High School-TN
21405,t117,Cumberland County : Stone Memorial High School
3100,vcul,Cumberland County Schools-VA : Cumberland County High School
3104,curr,Current River Area Vo-Tech Center
3113,cypr,Cypress College
3119,cyps,Cypress-Fairbanks Independent School District : Cypress Falls High School
3130,dctc,Dakota County Technical College
3160,dcth,Davies Career & Technical High School
3165,dvhs,Davis High School
25069,t101,Decatur County Schools : Riverside High School-TN
3185,dees,Deeside College
19279,t042,Dekalb County High School
3195,dcmo,Delaware Chenango Madison Otsego BOCES - Chenango Campus
3199,delt,Delta College
3219,derb,Derby University
3227,demo,Des Moines Area Community College - Carroll
3228,dmac,Des Moines Area Community College - Urban
3242,vdcc,Dickenson County Career Center
3245,dihs,Dickinson High School
13863,t038,Dickson County Schools : Creek Wood High School
22494,t043,Dickson County Schools : Dickson County High School
2460,clss,Dufferin-Peel Catholic District School Board : Cardinal Leger Secondary School
3288,duga,Dumfries and Galloway College
3301,dund,Dundee College
8045,wbhs,DuPage High School District 88 : Willowbrook High School
3320,dysh,Dysart High School
3325,boss,E + EBoss GmbH
3331,eapr,Earnest Pruett Center of Technology
3334,ebc,East Berkshire College
20928,t045,East Career and Technology Center
3353,eari,East Riding College of Further Education
3367,esyc,East Surrey College
3383,ecat,Eastern Center for Arts and Technology
410,eain,Eastern Institute of Technology
3387,oakc,Eastern Oklahoma County AVTS
3389,ewct,Eastern Westmoreland Career & Technology Center
3411,ebbe,Ebbertt Education Center
3412,vecg,EC Glass High School
3413,emlm,Ecole des Metiers de L’equipement motorise de Montreal
7112,sjhs,Edmonton Catholic Separate School District No. 7 : St Joseph High School
4311,ppsc,Edmonton School District No. 7 : Edmonton Public School Board : J Percy Page School
3430,efmv,Educational Federation of Municipalities of Valkeakoski Region
3438,ehch,Effingham County : Effingham County High School
3442,mont,El Monte High School
18260,t047,Elizabethton High School
3452,hamm,Elk Grove Unified School District : Elk Grove High School
3630,flhc,Elk Grove Unified School District : Florin High School
3460,elhs,Elma High School
3483,enum,Enumclaw High School
3484,echs,Erie Central High School
3489,ejrt,Essex Junction Regional Technical Center
3500,excl,Excel Institute
3512,exet,Exeter College
1678,anhs,Fairfax County Public Schools : Annandale High School
2676,vcen,Fairfax County Public Schools : Centreville High School
2698,vcha,Fairfax County Public Schools : Chantilly High School
3429,veda,Fairfax County Public Schools : Edison Academy
3516,vfac,Fairfax County Public Schools : Fairfax High School
3521,vfch,Fairfax County Public Schools : Falls Church High School
4059,vhss,Fairfax County Public Schools : Hayfield High School
4703,vlbs,Fairfax County Public Schools : Lake Braddock Secondary School
4828,vrel,Fairfax County Public Schools : Lee High School
5155,vmaa,Fairfax County Public Schools : Marshall High School Academy
6500,vros,Fairfax County Public Schools : Robinson Secondary School
6899,vscs,Fairfax County Public Schools : South County Secondary School
6948,vslh,Fairfax County Public Schools : South Lakes High School
15143,t048,Fairley High School
19277,t049,Fairview High School-TN
3529,fare,Fareham College
5682,nfhs,Farmington Public Schools : North Farmington High School
3584,vfau,Fauquier High School
3586,t051,Fayette Ware Vocational School
3588,fwhs,Federal Way Public Schools : Federal Way High School
5355,mctc,Findlay City SD : Millstream Career Technical Center North
3601,fzhs,Fitzgerald High School
3606,flet,Fletcher Technical Community College
3612,floh,Florence High School
3621,flor,Florida Community College
3638,vflo,Floyd County High School
3654,for,Forsyth Central High School
7725,vird,Fort La Bosse School Division : Virden Collegiate Institute
3661,fths,Fort Thomas High School
4094,hlps,Fort Vermilion School Division No. 52 : High Level Public School
3667,fttc,Francis Tuttle Technology Center  - Rockwell
3671,ftre,Francis Tuttle Technology Center - Reno Campus
3673,fhpa,Frank H Peterson Academy of Technology
3683,frac,Franklin County Career and Technology Center
3685,vfra,Franklin County High School - VA
21431,t052,Franklin County Schools : Franklin County High School
3268,vdjh,Frederick County Public Schools : Dowell J Howard Center
3691,fcct,Frederick County Public Schools : Frederick County Career & Technology Center
3701,frcc,Fresno City College
3716,furn,Furness College
3719,fwjc,FW Johnson Collegiate
2701,chap,Gadsden Independent School District : Chaparral High School
3720,gisd,Gadsden Independent School District : Gadsden High School
3732,vghs,Galax High School
3735,gphs,Galena Park ISD : Galena Park High School
3742,galw,Galway Mayo Institute of Technology
3747,gavc,Garden Valley School Division : Garden Valley Collegiate
3755,ggse,Gargash Enterprises
3767,gdl,General Dynamics Land Systems - Canada
3171,davh,Genesee ISD : Davison Senior High School
3759,gasc,Genesee ISD : GASC Technology Center
3865,grbl,Genesee ISD : Grand Blanc High School
5500,mott,Genesee ISD : Mott Community College
7377,thrd,Genesee ISD : Three District CTE
3786,vgwh,George Washington High School
3793,vgit,Gibboney Technical Center
19981,t055,Gibson County School District : Gibson County High School
3798,vgct,Giles County Technology Center
1345,apf,Glenfield College
3825,vglo,Gloucester High School
3828,getc,Gloucestershire College
3847,gwmc,Good Will-Macon GA
3859,t103,Grainger High School
3861,grhc,Granada Hills Charter High School
3870,gpch,Grande Prairie School District No. 2357 : Grande Prairie Composite High School
3869,grca,Grande Yellowhead Regional Division No. 35 : Grande Cache Community High School
3881,grcc,Grant Career Center
3886,vgcc,Grayson County Public Schools : Grayson County Career & Technical Education Center
388,sout,Great Southern TAFE
6481,rss,Greater Essex County District School Board : Riverside Secondary School
3897,glrt,Greater Lawrence Regional Technical High School
3906,vgrt,Greene County Tech Ed Center
10146,gree,Greeneville City Schools : Greene Vocational Center
3911,vgre,Greensville County High School
3920,gree,Greenville County ISD : Greenville Technical College
21418,t059,Grundy County School District : Grundy County High School
3953,gtca,GT Cars (Godalming) LTD
3954,gcfe,Guernsey College of Further Education
3286,ddhs,Guilford County Schools : Dudley High School
5780,nghs,Guilford County Schools : Northeast Guilford High School
6999,sghc,Guilford County Schools : Southern Guilford High School
7845,wvec,Guilford County Schools : Southern Guilford High School : Weaver Education Center
7520,twah,Guilford County Schools : TW Andrews High School
565,cdr,Guilford Young College
3982,hact,Haleyville Center of Technology
3987,vhch,Halifax County High School
18267,t089,Hamblen County Department of Education : Morristown Hamblen High School West
3996,hahi,Hamilton City School District : Hamilton High School
12888,t023,Hamilton County Dept of Education : Brainerd High School
12856,t046,Hamilton County Dept of Education : East Ridge High School
22292,t077,Hamilton County Dept of Education : Lookout Valley High School
12885,t108,Hamilton County Dept of Education : Sequoyah Technology Center
12890,t123,Hamilton County Dept of Education : Tyner Academy
25079,t061,Hamilton High School-TN
7109,sjbc,Hamilton-Wentworth Catholic District School Board : St Jean de Brebeuf Catholic Secondary School
4011,vhct,Hanover Center for Trades and Technology
4014,vhhs,Hanover High School
7155,stei,Hanover School Division : Steinbach Regional Secondary School
4050,harv,Harvey High School
423,hawk,Hawker College
18248,cher,Hawkins County School District : Cherokee High School
22290,t126,Hawkins County School District : Volunteer High School
4082,vhts,Henrico County Public Schools : Hermitage Technical Center
4102,vhst,Henrico County Public Schools : Highland Springs Technical Center
7745,vvrc,Henrico County Public Schools : Virginia Randolph Community High School
23894,t063,Henry County School System : Henry County High School-TN
8277,herk,Herkimer Fulton Hamilton Otsego BOCES
21425,t065,Hickman County School System : Hickman County High School
4097,hpit,High Plains Institute of Technology
4110,cast,HM YOI Castington
4120,hnsc,HMP North Sea Camp
4125,hldc,Holland College
4143,hqhs,Hononegah High School
1996,bcav,Hopewell Area School District : Beaver County Career & Technology Center
4152,hohi,Hopewell High School
1696,aprl,Howard County Public School System : Applications and Research Laboratory
4178,hdtc,Huddersfield Technical College
4188,hcst,Hudson County School of Technology
2040,bcth,Hudson County School of Technology : Bergen County Technical High School - Teterboro
19986,t067,Humboldt City School District : Humboldt High School
4196,hacl,Humphrey's Auto Company Limited
21393,t068,Humphreys County School District
4205,hunt,Huntingdonshire Regional College
4216,hbh,Huntington Beach Union High School District : Huntington Beach High School
4219,huot,Huot Technical Center
4226,huhs,Huron High School
1964,bahs,Illinois School District U-46 : Bartlett High School
3446,elgs,Illinois School District U-46 : Eldorado High School-TX
4798,lark,Illinois School District U-46 : Larkin High School
6917,sehs,Illinois School District U-46 : South Elgin High School
7195,strw,Illinois School District U-46 : Streamwood High School
2466,catc,Indianapolis Public Schools : Career & Technology Center
798,ttaf,Institute of TAFE Tasmania
4264,intc,IntelliTec College - Colorado Springs
4287,itaw,Itawamba Community College
4294,ivyt,Ivy Tech State College - Southwest
4303,elcc,J Everett Light Career Center
4310,hbrc,J Harley Bonds Resource Center
3838,gscc,J Harley Bonds Resource Center : Golden Strip Career Center
4313,srcc,J Sargeant Reynolds Community College
4326,vjrt,Jackson River Technical Center
19971,t069,Jackson-Madison Consolidated SD : Jackson Central Merry High School
19969,t075,Jackson-Madison Consolidated SD : Liberty Tech Magnet School
19979,nshs,Jackson-Madison Consolidated SD : North Side High School - TN
22597,sshs,Jackson-Madison Consolidated SD : South Side High School
7797,wrtc,Jefferson County Public Schools : Warren Technical Center
9235,jeff,Jefferson County Schools-TN : Jefferson County High School
4352,jevc,Jewel and Esk Valley College
4360,jfin,JF Ingram State Technical College
4365,jrrs,Jim Russell Racing Schools
4377,jcca,Job Corps - National Office : Job Corps Center - Angell
4378,jocc,Job Corps - National Office : Job Corps Center - David L Carrasco
4384,jccd,Job Corps - National Office : Job Corps Center - Delaware Valley
4387,jcga,Job Corps - National Office : Job Corps Center - Fred G Acosta
4395,jcch,Job Corps - National Office : Job Corps Center - Hawaii
4404,jccc,Job Corps - National Office : Job Corps Center - MTC - Charleston
4411,clfd,Job Corps - National Office : Job Corps Center - MTC - Clearfield
4429,weov,Job Corps - National Office : Job Corps Center - MTC - Westover
4436,odjc,Job Corps - National Office : Job Corps Center - Old Dominion
4437,jcc,Job Corps - National Office : Job Corps Center - Pine Knot
4439,jccq,Job Corps - National Office : Job Corps Center - Quentin Burdick
4446,jobc,Job Corps - National Office : Job Corps Center - San Diego
4452,jccs,Job Corps - National Office : Job Corps Center - Schenck
4398,jccl,Job Corps Center - Long Beach
12893,t104,Johnson City Schools : Science Hill High School
3081,cccc,Johnson County Community College : Cowley County Community College
18275,t072,Johnson County Vocational Center
4481,joli,Joliet Junior College
22724,t073,Kansas Career and Technical Center
4582,watc,Kentucky Tech - Warren County ATC
4596,keya,Keyano College
4604,kcav,Keystone Central Area Vocational Technical School
4620,kiam,Kiamichi Technology Center - Stigler
938,kimb,Kimberley College of TAFE
4633,mlkc,King Career Center
3256,t044,Kingsport City School District : Dobyns-Bennett High School
4643,kicc,Kirkwood Community College
4653,kchs,Klein Independent School District : Klein Collins High School
4656,kle2,Klein Independent School District : Klein High School
4654,klei,Klein Independent School District : Klein High School : Klein Forest High School
4662,kohs,Klein Independent School District : Klein High School : Klein Oak High School
4665,kccc,Knox County Career Center
15098,t015,Knox County School District : Bearden High School
2356,t024,Knox County School District : Byington-Solway Technology Center
2524,cart,Knox County School District : Carter High School
2635,cent,Knox County School District : Central High School - TN
3535,t050,Knox County School District : Farragut High School
3710,t053,Knox County School District : Fulton High School
5713,nort,Knox County School District : North Knox Vocational Center
6912,sdhs,Knox County School District : South Doyle High School
8272,wils,LA Wilson Technical Center
4689,lbtt,Labette County High School
4701,lact,Lake Area Career and Technology Center
4706,lch,Lake County High Schools Technology Campus
4719,hava,Lake Havasu High School
4732,ltec,Lake Technical Center
4738,lwsd,Lake Washington School District 414
3998,hmkd,Lakehead District School Board : Hammarskjold High School
4107,hicr,Lakehead District School Board : Hillcrest High School
6826,wich,Lakehead District School Board : Sir Winston Churchill Collegiate and Vocational Institute
7931,weco,Lakehead District School Board : Westgate Collegiate & Vocational Institute
4739,lklc,Lakeland College
1747,ashc,Lakeshore School Division : Ashern Central School
4750,lchs,Lamar Consolidated ISD : Lamar Consolidated High School
8206,lamc,Lambeth College
4765,lts,Lancaster Training Services Ltd
4790,lccc,Laramie County Community College
5162,mhsc,Laredo Independent School District : Martin High School
4799,peru,LaSalle-Peru Township High School
4809,lawr,Lawrence County Area Vocational Technical School
21426,lawr,Lawrence County High School - TN
4825,vlcv,Lee County Public Schools : Lee County Career Tech Center - VA
4827,lcht,Lee County Public Schools : Lee County High Technology Center Central
4840,lcsc,Leicester College
4851,lgct,Leighton Contractors Indonesia
911,lnsc,Leongatha Secondary College
4870,lewi,Lewiston Regional Technology Center
4883,lncc,Lincoln College
21402,linc,Lincoln County Department of Education : Lincoln County High School-TN
4917,livc,Liverpool Community College
4937,lch,Lloydminster Public School Division : Lloydminster Comprehensive High School
4943,loft,Loften High School
4951,lghl,Longview ISD : Longview High School
4955,selk,Lord Selkirk School Division : Lord Selkirk Regional Comprehensive Secondary School
4963,latt,Los Angeles Trade Technical College
8338,hoc,Los Angeles Unified School District : Harbor Occupational Center
8250,wvoc,Los Angeles Unified School District : West Valley Occupational Center
20862,t078,Loudon County Schools : Loudon High School
4984,lgbs,Loughborough College
4989,riel,Louis Riel School Division : Louis Riel Arts & Technology Centre
4993,vlou,Louisa County Public Schools : Louisa County High School
4997,ltcc,Louisiana Technical College - Ascension Campus
5000,ltbr,Louisiana Technical College - Baton Rouge
5005,lotc,Louisiana Technical College - Florida Parishes Campus
5010,ltcg,Louisiana Technical College - Gulf Area Campus
5014,ltch,Louisiana Technical College - Hammond Area Campus
5015,jeff,Louisiana Technical College - Jefferson Campus
5020,ltcl,Louisiana Technical College - Lafayette Campus
5030,tcs,Louisiana Technical College - Shreveport Bossier Campus
5041,tymc,Louisiana Technical College - Young Memorial Campus
5045,lwcc,Lower Columbia College
5048,lowl,Lower Lake High School
5050,lown,Lowndes High School
1738,aghs,Lucia Mar Unified School District : Arroyo Grande High School
253,lhs,Lytton High School
5068,macc,Macomb Community College
5088,mct,Mahoning Career & Technical Center
5127,mant,Manchester School of Technology
212,manu,Manukau Institute of Technology
842,mara,Mara Marketing Ltd
5145,marc,Marchman Technical Education Center
5150,mmhi,Mark Morris High School
21398,t080,Marshall County School District : Marshall County High School
6929,sfhs,Martin County School District : South Fork High School
5166,CDX,Martin Prime
5168,vmar,Martinsville High School - VA
5175,vmat,Massanutten Tech Center
5178,vmhs,Mathews County High School
191,mazd,Mazda Australia Pty Ltd
10151,t082,McMinn County Board of Education : McMinn County Vocational Center
14449,t083,McNairy County Board of Education : McNairy Central High School
2140,vblu,Mecklenburg County Public Schools : Bluestone Senior High School
6103,vpvi,Mecklenburg County Public Schools : Park View Senior High School
5216,CMC,Medina County Career Center
23494,t084,Meigs County High School
15147,t085,Memphis City Schools : Melrose High School
872,menz,Menzies Institute of Technology
5227,mrcc,Merced College
5233,meri,Meridian Technology Center
5253,mett,Metro Tech
489,mts,Metro Training Services - Porirua
5259,mecc,Metropolitan Community College
1688,t013,Metropolitan Nashville Public Schools : Antioch High School
3808,t056,Metropolitan Nashville Public Schools : Glencliff High School
4469,t071,Metropolitan Nashville Public Schools : John Overton High School
13860,mapl,Metropolitan Nashville Public Schools : Maplewood High School
5190,t081,Metropolitan Nashville Public Schools : McGavock High School
7189,stra,Metropolitan Nashville Public Schools : Stratford High School - TN
7971,t132,Metropolitan Nashville Public Schools : Whites Creek Comprehensive High School
3127,dors,Miami Dade County Public Schools : D A Dorsey Educational Center
4092,hial,Miami Dade County Public Schools : Hialeah Senior High School
4905,lhte,Miami Dade County Public Schools : Lindsey Hopkins Technical Education Center
5275,mcsh,Miami Dade County Public Schools : Miami Central Senior High School
5284,mdmn,Miami Dade County Public Schools : Miami Douglas MacArthur North
5285,mdms,Miami Dade County Public Schools : Miami Douglas Macarthur South
5287,mjsh,Miami Dade County Public Schools : Miami Jackson Senior High School
5288,mltc,Miami Dade County Public Schools : Miami Lakes Technical Education Center
5292,mnsh,Miami Dade County Public Schools : Miami Northwestern Senior High School
5294,msen,Miami Dade County Public Schools : Miami Senior High School
6491,rmec,Miami Dade County Public Schools : Robert Morgan Educational Center
6900,sdsh,Miami Dade County Public Schools : South Dade Senior High
7025,smsh,Miami Dade County Public Schools : Southwest Miami Senior High School
5309,mcti,Michigan Career & Technical Institute
5312,mdtc,Mid Del Technology Center
5314,mkco,Mid Kent College of Higher and Further Education
5323,mmtc,Mid Maine Technical Center
5347,t086,Milan High School
5362,mahs,Milton Area High School
5364,milt,Milton Keynes College
5385,mime,Minto Memorial High School
708,maut,Mission Australia U-Turn
5399,mvhs,Mission Viejo High School
5407,movi,Mitchell High School-SD
5157,mihs,Mitchell School District 17-2 : Marshall High School Academy-VA
5411,mdjc,Modesto Junior College
1489,mond,Mondial Assistance
5419,mnct,Monroe Career & Technical Institute
12866,t107,Monroe County Schools : Sequoyah High School-TN
5425,vcsm,Monroe Technology Center
2113,vbhs,Montgomery County Public Schools : Blacksburg High School
2762,vchr,Montgomery County Public Schools : Christiansburg High School
5458,mntc,Moore Norman Technology Center
1578,albp,Moose Jaw School Divsion : Albert E Peacock Collegiate
5461,mptc,Moraine Park Technical College
12862,t088,Morgan County Schools : Morgan County Career and Technical Center
5481,mhhs,Morris Hills Regional District : Morris Hills High School
5484,mtwc,Motherwell College
928,mito,Motor Industry Training Organisation Inc
246,mota,Motor Traders Association of NSW
5505,diab,Mount Diablo Unified School District : Mount Diablo High School
3152,darc,Mountain View School Division : Dauphin Regional Comprehensive Secondary School
5520,mat,Mountainland Applied Technical College - American Fork Campus
5527,t091,Mt Pleasant High School
5539,mwhs,Mukwonago Area School District : Mukwonago High School
819,mbhs,Murray Bridge High School
2529,carv,Muscogee County : Carver High School
4490,jvhs,Muscogee County : Jordan Vocational High School
7052,spen,Muscogee County : Spencer High School
6368,park,Mystery Lake School Division : RD Parker Collegiate
5557,ndhs,Nacogdoches High School
5562,mini,NACRO Sheffield
4537,kelw,Natrona County School District #1 : Kelley Walsh High School
5582,natr,Natrona County School District #1 : Natrona County High School
5585,nava,Navajo Generating Station
5593,vnch,Nelson County High School
5610,nbru,New Brunswick Department of Education
5615,newc,New College
5618,ncst,New College Stamford
5623,neit,New England Institute of Technology - RI
1601,shs,New York City Department of Education : Alfred E Smith High School
5631,nehs,Newington High School
5634,newt,Newton North High School
5637,ngrc,Niagara College
6890,scde,Nicola Similkameen School District #58 : South Central Interior Distance Education School
5654,vntc,Norfolk Technical Vocational Center
3424,eccc,North Carolina Community College System : Edgecombe Community College
5664,nccc,North County Career Center
2088,bism,North Dakota University System : Bismarck State College
5668,ndsc,North Dakota University System : North Dakota State College of Science
5675,new,North East Worcestershire College
5717,noli,North Lindsey College
5727,nlgg,North London Garages GTA
8238,nocr,North Orange County ROP
5751,nths,North Thurston School District 3 : North Thurston High School
6466,rrhs,North Thurston School District 3 : River Ridge High School
7396,tbhs,North Thurston School District 3 : Timberline High School
5758,nwif,North West Regional College (previously NW Ins of F & H E)
5760,nort,Northampton College
5766,vnhs,Northampton High School
5770,noco,Northbrook College
5787,nome,Northeast Metro Regional Vocational School
5794,nmcc,Northeast Mississippi Community College
5803,nwtc,Northeast Wisconsin Technical College - Green Bay
5813,nait,Northern Alberta Institute of Technology
5873,nafc,Northern Alberta Institute of Technology - Fairview Campus
5880,ntic,Northern Lights School Division No. 69 : Northern Lights College
5882,vnnt,Northern Neck Technical Center
5890,ifhe,Northern Regional College - Newtownabbey
1364,horn,Northern Sydney Institute of TAFE - Hornsby
15149,t094,Northside High School - TN
5928,notc,Northwest Technical College
5934,nwmc,Northwestern Michigan College
5950,nsit,Nova Scotia Institute of Technology
5970,ostc,Oakland Schools Technical Campus - NE Pontiac
5977,nwcl,Oakland Schools Technical Campus - NE Pontiac : Oakland Schools Technical Campus - NW Clarkston
5982,sero,Oakland Schools Technical Campus - NE Pontiac : Oakland Schools Technical Campus - SE Royal Oak
5988,oaks,Oakland Schools Technical Campus - NE Pontiac : Oakland Schools Technical Campus - SW Walled Lake
3440,cmhs,Oceanside Unified School District : El Camino High School
5996,oghs,Ogden High School
6023,olhs,Olympia School District : Olympia High School
6025,olym,Olympic High School
4263,sjtc,Oneida Herkimer Madison BOCES : Institute of Technology@Syracuse Central
8275,onon,Oneida Herkimer Madison BOCES : Onondaga Cortland Madison BOCES - Cortland
6044,vman,Osbourn High School
6047,vosp,Osbourn Park High School
1240,otap,Otago Polytechnic
6062,vpac,Page County Tech Center
6066,pusd,Page Unified School District : Page High School
6071,aifo,Pakistan Air Force
6072,pbcc,Palm Beach Community College
4169,hori,Paradise Valley Unified District : Horizon High School
5662,ncan,Paradise Valley Unified District : North Canyon High School
6090,pava,Paradise Valley Unified District : Paradise Valley High School
6096,ictr,Paragon Skills for Industry (Dorset) previously ITE Corporate
7069,sgh,Parkland School Division No. 70 : Spruce Grove Composite High School
6109,pacc,Pasadena City College
4359,jfdo,Pasadena ISD : JF Dobie High School
5055,lpcs,Pasadena ISD : LP Card Skill Center
6119,pahs,Pasadena ISD : Pasadena High School
6121,pshs,Pasco High School
6124,vpch,Patrick County High School
6953,sphs,Paulding County School District : South Paulding High School
5744,npss,Peace River North School District #60 : North Peace Senior Secondary School
7511,tumb,Peace River South School District #59 : Tumbler Ridge Secondary School
1958,barr,Pembina Hills Regional Division No.7 : Barrhead Composite High School
8058,winn,Pembina Trails School Division : Winnipeg Technical College
2589,cths,Peoria Unified School District : Centennial High School
6157,peco,Perth College
6158,pths,Petaluma Joint Union High School District : Petaluma High School
6163,vpet,Petersburg High School
6181,pchs,Pike Central High School
1359,pihe,Pilbara TAFE Headland
1339,ptka,Pilbara TAFE Karratha
6187,pinl,Pinellas Technical Education Centers
339,psh,Pinjarra Senior High School
6203,pbsu,Pittsburg State University
6216,vpct,Pittsylvania Vocational Technical Center
6221,plea,Pleasanton High School
12871,t036,Polk County Schools : Copper Basin High School
12860,t098,Polk County Schools : Polk County High School
6243,poco,Portage Collegiate Institute
3086,vcca,Portsmouth Public Schools : Craddock Career & Technical Center
6272,pott,Pottstown Senior High School
1921,rpsd,Prairie Valley School Division 208 : Balfour Collegiate
2416,camo,Prairie Valley School Division 208 : Campbell Collegiate
2872,chsc,Prairie Valley School Division 208 : Cochrane High School
5160,maci,Prairie Valley School Division 208 : Martin Collegiate Institute
6764,shwc,Prairie Valley School Division 208 : Sheldon-Williams Collegiate
7354,thci,Prairie Valley School Division 208 : Thom Collegiate Institute
6301,vpre,Prince Edward County Public Schools : Prince Edward County High School
3272,todd,Prince George School District #57 : DP Todd Secondary School
6309,mint,Prospect College
6315,vprc,Pruden Center for Industry and Technology
6320,pula,Pulaski County Area Technology Center
6323,vphs,Pulaski County High School
6336,puya,Puyallup High School
4674,kwse,Qualicum School District #69 : Kwalikum Secondary School
8305,qcge,Questar III Columbia-Greene Education Center
8312,qrec,Questar III Rensselaer Education Center
6343,atha,RAF St Athan
2724,cvd,Rainbow District School Board : Chelmsford Valley District Composite School
7209,sss,Rainbow District School Board : Sudbury Secondary School
6351,t099,Raleigh-Egypt High School
1600,aldu,Red Clay Consolidated School District : Alexis I Dupont High School
4463,jdhs,Red Clay Consolidated School District : John Dickinson High School
7363,tmhs,Red Clay Consolidated School District : Thomas McKean High School
6376,rddc,Red Deer College
6387,rrco,Red River College - Jefferson
373,tms,Regent Training Centre
6403,stc,Regina Public School Division #4-SK
6405,reke,Reid Kerr College
6433,vrtc,Richmond Technical Center - South
6448,row,Rim of the World Senior High School
6451,rinc,Rincon High School
6456,rioh,Rio Hondo College
6464,rbct,River Bend Career & Technology Center
4626,kdec,River East Transcona School Division : Kildonan East Collegiate
5544,mumc,River East Transcona School Division : Murdoch Mackay Collegiate Institute
6474,halt,Riverside College Halton
6512,t102,Roane County School District : Rockwood High School
897,rbsc,Robinvale Secondary College
6501,vrch,Rockbridge County High School
1563,aird,Rocky View School Division No. 41 : Airdrie Alternate School
2057,bchs,Rocky View School Division No. 41 : Bert Church High School
2440,cohs,Rocky View School Division No. 41 : Canyon High School-TX
5380,minn,Rolling River School Division : Minnedosa Collegiate Institute
6534,vrrc,Rowanty Technical Center
6548,vrct,Russell County Public Schools : Russell County Career & Technology Center
19292,t066,Rutherford County School District : Holloway High School
13878,t096,Rutherford County School District : Oakland High School
25103,t100,Rutherford County School District : Riverdale High School-TN
13880,t111,Rutherford County School District : Smyrna High School
22711,t103,Rutledge High School
6551,sbtr,S&B Training
6556,sscc,Sabin-Schellenberg Center
995,sail,SAILS
6568,vsal,Salem City Schools : Salem High School
6572,salf,Salford Consortium
4349,jena,"Salle Parish School Board, La : Jena High School"
6592,sdhs,San Diego Unified : San Diego High School
8372,sdur,San Diego Unified : San Diego Unified ROP (Claremont High)
6598,aut1,San Dieguito Union High School District : San Dieguito Academy
6617,sajb,San Juan Basin Technical School
3097,cues,San Luis Coastal USD : Cuesta College
6629,sand,Sandwell College
6643,svc,Sanford Regional Vocational Center
8267,sclr,Santa Clara ROP-South
6649,scvt,Santa Clara Valley Transit Authority
6656,sfcc,Santa Fe Community College
6669,sara,Sarasota County Technical Institute
5528,mtrc,Saskatoon Public Schools : Mt Royal Collegiate
6684,sths,Satellite High School
6692,sava,Savannah Technical Institute
3712,fund,School District 10 - Saint Stephen : Fundy High School
4045,hart,School District 14 : Hartland Community School
5555,nack,School District 14 : Nackawic Senior High School
7007,sovi,School District 14 : Southern Victoria High School
1980,bath,School District 15 - Dalhousie : Bathurst High School
3143,dalh,School District 15 - Dalhousie : Dalhousie Regional High School
7214,suga,School District 15 - Dalhousie : Sugarloaf Senior High School
2164,bonl,School District 16 - Miramichi : Bonar Law Memorial School
4340,jmhi,School District 16 - Miramichi : James M Hill Memorial High School
5397,mirm,School District 16 - Miramichi : Miramichi Valley High School
2752,chip,School District 17 - Oromocto : Chipman Forest Avenue School
6040,orom,School District 17 - Oromocto : Oromocto High School
3694,fred,School District 18 - Fredericton : Fredericton High School
7139,strh,School District 18 - Fredericton : Stanley Regional High School
7594,upmi,School District 18 - Fredericton : Upper Miramichi Regional High School
2055,bern,School District 2 - Moncton : Bernice MacNaughton High School
4374,arsa,School District 2 - Moncton : JMA Armstrong/Salisbury Middle School
2023,bell,School District 6 - Rotesay : Belleisle Regional High School
4550,kepe,School District 6 - Rotesay : Kennebecasis Valley High School
7241,susr,School District 6 - Rotesay : Sussex Regional High School
5602,nbcc,School District 8 - Saint John : New Brunswick Community College - Saint John
6698,sttc,Schuylkill Technology Center - North
6711,vscv,Scott County Public Schools : Scott County Career and Technical Center
12876,t105,Scott County Schools
6717,sdtc,Secondary Technical Center
6721,stcc,Secondary Technical Center-GA
6728,slkc,Selkirk College
6733,semi,Seminole Community College
18262,t019,Seq Bledsoe Vocational Center
12895,t106,Sequatchie County Schools : Sequatchie County High School
5142,mapl,Seven Oaks School Division : Maples Collegiate
15136,t109,Sheffield Career and Technical Center
8146,t014,Shelby County Schools : Bartlett High School-TN
22728,t021,Shelby County Schools : Bolton High School
20932,t034,Shelby County Schools : Collierville High School
15151,t037,Shelby County Schools : Cordova High School
20937,t087,Shelby County Schools : Millington High School
6767,shel,Shelton School District : Shelton High School
6786,shre,Shrewsbury College of Arts and Technology
6832,slhs,Siuslaw High School
19280,t057,Smith County School District : Gordonsville High School
19285,t110,Smith County School District : Smith County High School
6850,vshs,Smithfield High School
6858,vsmt,Smyth County Career and Tech Center
1657,amhs,Socorro Education Center : Americas High School
3445,eldh,Socorro Education Center : Eldorado High School-NV
6869,scat,Somerset College
6902,sdsc,South Dade Skill Centre
6445,rigg,South Dakota Department of Education : Riggs Senior High School
6904,stdc,South Downs College
6914,sedc,South East Derbyshire College
6919,sflo,South Florida Community College
6940,skc,South Kent College
255,swrc,South West Regional College of TAFE
755,cmbt,South Western Sydney Institute of TAFE - Campbelltown
1132,gran,South Western Sydney Institute of TAFE - Granville
1408,pads,South Western Sydney Institute of TAFE - Padstow
1285,weth,South Western Sydney Institute of TAFE - Wetherill Park
6976,savt,Southeast Area Vocational Technical Center
636,sint,Southern Institute of Technology
7001,smcc,Southern Maine Community College
352,sqit,Southern Queensland Institute of TAFE - Toowoomba
7005,acfe,Southern Regional  College - Armagh/Lonsdale
7012,svcc,Southside Virginia Community College - Blackstone
7016,svco,Southside Virginia Community College - Keysville
15152,t114,Southwest Career and Technical School
7043,sotc,Sowela Technical College
7062,vsct,Spotsylvania Career & Technical Center
25083,t115,Springfield High School-TN
7084,sctc,St Cloud Technical College
7204,sthc,St James-Assiniboia School Division : Sturgeon Heights Collegiate
2259,vbrp,Stafford County Schools : Brooke Point High School
5750,vnst,Stafford County Schools : North Stafford High School
7137,vsts,Stafford County Schools : Stafford Senior High School
7151,scav,Steel Center Area Vocational Technical School
7170,t116,Stewart County High School
7178,stok,Stoke on Trent College
7198,stut,Stuart Career Center
13865,t054,Sumner County School District : Gallatin High School
7959,t130,Sumner County School District : White House High School
613,supe,Super Cheap Auto Group
7238,vsco,Surry County High School
1270,swta,Swan TAFE - Midland Campus
7245,swan,Swan Valley School Division : Swan Valley Regional School
7249,swof,Swofford Career Center
1144,stge,Sydney Institute of TAFE - St George
5538,mths,Tacoma Public Schools : Mt Tahoma High School
945,tamb,TAFE SA Regional - Murray Bridge
18283,taft,Taft Youth Development Center
1056,trpt,Tairawhiti Polytechnic
7267,tamc,Tameside College of Technology
7270,vtcc,Tazewell County Public Schools : Tazewell County Career and Technical Center
5187,mccl,Tempe Union High School District #213 : McClintock High School
7297,t120,Tennessee Department of Education
7308,ttca,Tennessee Technology Center - Athens
7312,ttch,Tennessee Technology Center - Harriman
7316,ttcn,Tennessee Technology Center - Nashville
7319,tenn,Tennessee Technology Center - Newbern
7326,toxc,Texas Oil X Change
7352,tsct,Thaddeus Stevens College of Technology
7353,than,Thanet College
7370,tpru,Thompson Rivers University
7376,thfr,Thornton Fractional High School District 215 : Thornton Fractional South High School
7104,igna,Thunder Bay Catholic District School : St Ignatius High School
7118,stpa,Thunder Bay Catholic District School : St Patrick High School
7392,twtc,Tidewater Tech Trades
7404,toct,Tom Orr Career Technical Center
8344,tose,Tompkins BOCES
7412,tcd,Toronto Catholic District School Board
1575,acc,Toronto District School Board : Albert Campbell Collegiate Institute
3155,tcin,Toronto District School Board : David & Mary Thomson Collegiate Institute
6820,jam,Toronto District School Board : Sir John A Macdonald Collegiate
7417,tpli,Total People Limited
7433,ttt,Training 2000 Ltd
7442,ttsl,Transport Training Services Ltd
22726,t121,Trezevant Career and Technology Center
19281,t122,Tri County Vocational Center
7472,vtbi,Triplett Technical Institute
1214,tnqi,Tropical North Queensland Institute of TAFE
7483,trum,Truman College
7490,trhs,Trumbull High School
7513,tlct,Tuscaloosa Center for Technology
7528,umpq,Umpqua Community College
7533,t124,Unicoi County High School
20868,t125,Union County High School - TN
1171,uati,Unitec Applied Technology Institute
7541,uttc,United Tribes Technical College
1080,uclp,Universal College of Learning (Palmerston North)
7544,utin,Universal Technical Institute
7573,ucfv,University College of the Fraser Valley
7577,ucon,University College of the North
7582,uala,University of Alaska : University of Alaska - Fairbanks
7584,tech,University of Alaska : University of Alaska - Southeast
663,uob,University of Ballarat
448,uahs,Urrbrae Agricultural High School
7603,ettc,US Air Force - European Transportation Training Center
7605,usaf,US Air Force - Fairchild
7622,mcgu,US Air Force - McGuire
7630,nced,US Postal Service - NCED
7660,vsch,Valley Stream Central High School
7661,vvvc,Valley Vocational Technical Center
7664,vanc,Vancouver Community College
6818,wesu,Vancouver School Board District #39 : Sir Charles Tupper Secondary
7675,vcr,Vanguard Car Rental USA
8346,vent,Ventura County ROP
7697,vehs,Vermillion School District : Vermillion High School
7710,vvco,Victor Valley College
7731,vvbc,Virginia Beach City Public Schools : Virginia Beach Technical & Career Education Center
7743,vvhs,Virginia High School
8191,wtfc,Waltham Forest College
7786,wths,Waltham High School
7791,wccc,Warren County Career Center
21409,t127,Warren County School District : Warren County High School
7807,warc,Warwickshire College
12880,t041,Washington County Schools : David Crockett High School
7824,whtc,Washington County Schools : Washington Holmes Technical Center
8283,dmec,Washington Saratoga Warren Hamilton Essex BOCES : F Donald Myer Education Center
8324,saec,Washington Saratoga Warren Hamilton Essex BOCES : Southern Adirondack Education Center
3663,frvo,Washington School District : Four Rivers Area Vocational School
2410,chci,Waterloo Region District School Board : Cameron Heights Collegiate Institute
3737,gaci,Waterloo Region District School Board : Galt Collegiate Institute
5513,prhi,Waterloo Region District School Board : Mountain View High School-AZ
24307,t128,Wayne County Vocational Center
8334,wtcc,Wayne Technology & Career Center
2170,rotc,Weber School District : Bonneville High School
3696,frem,Weber School District : Fremont High School
6539,royh,Weber School District : Roy High School
7847,webh,Weber School District : Weber High School
1106,weit,Wellington Institute of Technology
7862,wesc,Wesley Chapel High School
7864,wctc,West Central Technical College
7873,wfhs,West Feliciana High School
2225,bths,West Sound Technical Skills Center : Bremerton High School
7898,wrvc,Westbrook Regional Vocational Center
7901,wavt,Western Area Vocational Technical School
444,waca,Western Australia College of Agriculture - Narrogin
7905,wcts,Western Center for Technical Studies
998,tara,Western Institute of Technology at Taranaki
8382,boce,Western Suffolk BOCES - Northport
24311,t129,White County High School
7968,wrhs,White River High School
15138,T131,Whitehaven High School
877,whcp,Whitireia Community Polytechnic (Porirua)
7992,whs,Wichita Public Schools : Wichita High School North
8027,wjdv,William J Dean Vocational Technical High School
8031,vnvc,William N Neff Center for Science & Technology
8034,wshc,William S Hutchings Career Center
4694,vlhs,Williamsburg-James City County Public Schools : Lafayette High School
13872,t090,Wilson County Schools : Mount Juliet High School
13867,t134,Wilson County Schools : Wilson Central High School
19267,wico,Wilson County Vocational Center
8055,wink,Wink High School
6364,ruvo,Winnipeg School Division : RB Russell School
7280,tevo,Winnipeg School Division : Technical Vocational High School
8065,vwtc,Wise County Career Tech Center
8069,t135,Woodrow Wilson Rehabilitation Center
8078,wshs,Woodstock High School
8102,vwcc,Wythe County Technology Center
8115,yshs,Yankton Senior High School
3422,esjf,Yellowknife Education District No 1 : École Sir John Franklin High School
8138,yatc,Youth Automotive Training Center
8141,yvhs,Yucca Valley High School
